{"cameraMode":{"drawMode":0,"name":"Shaded","section":"Shading Mode"},"sceneLighting":true,"audioPlay":false,"sceneViewState":{"m_AlwaysRefresh":false,"showFog":true,"showSkybox":true,"showFlares":true,"showImageEffects":true,"showParticleSystems":true,"showVisualEffectGraphs":true,"m_FxEnabled":true},"in2DMode":false,"pivot":{"x":1.4595378637313843,"y":0.6612684726715088,"z":-0.5461808443069458},"rotation":{"x":-0.09605816006660462,"y":0.8625030517578125,"z":-0.1787114441394806,"w":-0.4635993242263794},"size":1.2623403072357178,"orthographic":false}