{"cameraMode":{"drawMode":0,"name":"Shaded","section":"Shading Mode"},"sceneLighting":true,"audioPlay":false,"sceneViewState":{"m_AlwaysRefresh":false,"showFog":true,"showSkybox":true,"showFlares":true,"showImageEffects":true,"showParticleSystems":true,"showVisualEffectGraphs":true,"m_FxEnabled":true},"in2DMode":false,"pivot":{"x":0.31337594985961916,"y":1.4157623052597047,"z":-2.069443702697754},"rotation":{"x":0.2178121954202652,"y":-0.05267409235239029,"z":0.011773309670388699,"w":0.9744975566864014},"size":0.5554244518280029,"orthographic":false}